"Env","Rep","Block","Plot","Geno","FLOWER","Duration","PlantHt","CropBF","HI","YLD"
"A01WSCM","1","1",1,"IR60080-46A",81,110,130,1380.64,38.0258,3.57083
"A01WSCM","1","1",2,"IR71524-44-1-1",79,110,130,1188.8,33.2032,3.3956
"A01WSCM","1","1",3,"WAB56-125",64,92,100,827.96,23.2185,1.49353
"A01WSCM","1","1",4,"C22",88,118,125,1297.72,32.6973,3.08693
"A01WSCM","1","1",5,"IR68702-072-1-4-B",74,98,115,1130.52,34.2179,3.18903
"A01WSCM","1","1",6,"IR55419-04",74,103,110,1263.6,42.4691,4.48053
"A01WSCM","1","1",7,"IR66424-1-2-1-5",71,98,105,1082.28,40.5071,3.132
"A01WSCM","1","1",8,"UPLRI-7",81,110,105,1111.32,37.5913,4.1148
"A01WSCM","1","2",9,"IRAT216",79,110,105,1063.72,29.5115,1.6616
"A01WSCM","1","2",10,"WAYRAREM",82,112,130,992.92,33.473,2.84363
"A01WSCM","1","2",11,"WAB638-1",90,118,145,1131,23.8338,1.45797
"A01WSCM","1","2",12,"IR55423-01",83,112,105,1172.12,34.5664,3.3043
"A01WSCM","1","2",13,"CT6516-24-3-2",79,110,115,1403.76,37.5563,3.17267
"A01WSCM","1","2",14,"IRAT212",64,92,85,516.56,28.6124,0.98983
"A01WSCM","1","2",15,"PRIMAVERA",66,91,120,923.2,30.5243,1.16817
"A01WSCM","1","2",16,"WAB181-18",66,92,110,762.56,41.9062,1.33297
"A01WSCM","1","3",17,"WAB96-1-1",80,110,130,1163.96,29.4099,1.3186
"A01WSCM","1","3",18,"IR47686-30-3-2",87,112,130,1433.64,28.579,2.7081
"A01WSCM","1","3",19,"UPLRI-5",88,112,130,1300.76,27.5101,2.13153
"A01WSCM","1","3",20,"IR65907-116-1-B",74,98,100,852.36,27.364,1.99437
"A01WSCM","1","3",21,"AUS196",70,91,120,1055.12,31.6779,2.4452
"A01WSCM","1","3",22,"IR66421-062-1-1-2",82,116,120,1098.2,23.1652,1.97867
"A01WSCM","1","3",23,"IRAT177",80,110,115,1462.8,22.3544,1.8725
"A01WSCM","1","3",24,"IR70358-84-1-1",64,91,105,508.48,34.7939,0.84743
"A01WSCM","1","4",25,"CT13370-12-2-M",78,110,110,769.56,28.8373,1.58493
"A01WSCM","1","4",26,"IR65261-09-1-B",78,110,125,1119,31.9035,2.13083
"A01WSCM","1","4",27,"AZUCENA",89,116,155,1263.24,17.0926,1.27993
"A01WSCM","1","4",28,"B6144F-MR-6-0-0",81,110,125,949.88,38.3459,3.0702
"A01WSCM","1","4",29,"IR70360-38-1-B-1",80,110,120,1318.48,26.3607,2.92297
"A01WSCM","1","4",30,"CT6510-24-1-2",81,110,115,1440.24,40.3655,3.48447
"A01WSCM","1","4",31,"VANDANA",61,87,125,1105.52,27.7046,1.1219
"A01WSCM","1","4",32,"IR71525-19-1-1",78,103,125,1254.52,40.9655,2.9616
"A01WSCM","1","5",33,"IRAT170",84,110,120,1170.64,21.783,2.3125
"A01WSCM","1","5",34,"CT13382-8-3-M",72,98,110,1180.4,26.0047,2.32247
"A01WSCM","1","5",35,"IR66417-18-1-1-1",93,118,130,1775.16,24.5071,1.89587
"A01WSCM","1","5",36,"MARAVILHA",66,91,125,952.32,30.8804,1.51173
"A01WSCM","1","5",37,"PALAWAN",80,110,140,1416.56,17.1345,1.86893
"A01WSCM","1","5",38,"CT13377-4-2-M",72,98,100,1663.52,34.6807,2.74743
"A01WSCM","1","5",39,"IR72768-15-1-1",73,98,105,1450.04,40.4954,3.156
"A01WSCM","1","5",40,"DINORADO",88,116,155,1215.2,16.1883,0.89727
"A01WSCM","2","1",41,"CT13377-4-2-M",69,98,105,1377.96,37.7195,3.16647
"A01WSCM","2","1",42,"AUS196",65,91,130,1326.52,26.3034,2.89077
"A01WSCM","2","1",43,"DINORADO",87,116,160,1318.12,19.3913,1.87967
"A01WSCM","2","1",44,"IR71524-44-1-1",76,103,140,1027.44,39.6909,3.63983
"A01WSCM","2","1",45,"CT6516-24-3-2",73,103,120,1061.24,26.8667,2.67093
"A01WSCM","2","1",46,"UPLRI-7",74,103,120,1337.28,38.2239,4.2593
"A01WSCM","2","1",47,"WAB96-1-1",77,103,135,1357.92,27.3507,1.74283
"A01WSCM","2","1",48,"IR65261-09-1-B",76,103,135,1619.44,25.6484,2.34613
"A01WSCM","2","2",49,"IRAT216",79,110,100,1210.56,32.3982,2.0935
"A01WSCM","2","2",50,"IR66424-1-2-1-5",67,95,110,1217.84,21.2442,2.48227
"A01WSCM","2","2",51,"IR70358-84-1-1",59,88,120,900.36,7.3704,0.6553
"A01WSCM","2","2",52,"MARAVILHA",65,91,130,1060.4,30.166,2.06657
"A01WSCM","2","2",53,"CT13382-8-3-M",71,98,105,843.28,29.7647,2.07583
"A01WSCM","2","2",54,"PRIMAVERA",65,91,130,1298.12,24.7373,2.1676
"A01WSCM","2","2",55,"IR70360-38-1-B-1",73,103,125,1286.6,17.3107,2.55227
"A01WSCM","2","2",56,"VANDANA",59,88,120,870.44,13.3725,1.53033
"A01WSCM","2","3",57,"WAB56-125",63,91,110,855.24,18.0394,0.82857
"A01WSCM","2","3",58,"IR55419-04",71,98,115,1363,37.5525,4.05987
"A01WSCM","2","3",59,"IRAT212",64,91,90,779.08,17.6311,1.01447
"A01WSCM","2","3",60,"B6144F-MR-6-0-0",81,110,125,1353.68,37.746,3.19247
"A01WSCM","2","3",61,"IRAT170",85,110,120,1060.6,31.6726,1.77993
"A01WSCM","2","3",62,"IR71525-19-1-1",74,103,130,1443.76,32.9722,2.76337
"A01WSCM","2","3",63,"UPLRI-5",89,116,130,1643.64,27.8966,3.31543
"A01WSCM","2","3",64,"IR65907-116-1-B",72,98,100,992.92,33.4085,2.30977
"A01WSCM","2","4",65,"AZUCENA",88,116,160,1423.8,17.7834,1.47767
"A01WSCM","2","4",66,"PALAWAN",82,110,145,1271,19.336,1.53813
"A01WSCM","2","4",67,"IR66421-062-1-1-2",83,110,120,1163.28,31.7997,1.90827
"A01WSCM","2","4",68,"IR47686-30-3-2",89,116,125,1719.52,28.822,3.413
"A01WSCM","2","4",69,"C22",89,116,130,1675.56,34.1187,3.50973
"A01WSCM","2","4",70,"WAB638-1",90,118,135,974.28,23.6811,1.59227
"A01WSCM","2","4",71,"CT13370-12-2-M",73,103,105,1090.64,18.6056,1.60243
"A01WSCM","2","4",72,"WAB181-18",63,91,110,807.08,34.5542,1.06573
"A01WSCM","2","5",73,"WAYRAREM",82,116,130,1288.48,32.2799,3.11327
"A01WSCM","2","5",74,"IR66417-18-1-1-1",94,118,135,1398.88,25.0315,1.75847
"A01WSCM","2","5",75,"IR60080-46A",82,110,125,1252.96,34.9093,1.79783
"A01WSCM","2","5",76,"IR72768-15-1-1",77,103,105,1385.96,35.014,2.37107
"A01WSCM","2","5",77,"CT6510-24-1-2",80,110,110,1159.32,32.2327,3.77807
"A01WSCM","2","5",78,"IR55423-01",84,116,110,1034.32,36.4181,3.9139
"A01WSCM","2","5",79,"IRAT177",80,110,125,1054.32,26.9785,2.03703
"A01WSCM","2","5",80,"IR68702-072-1-4-B",73,98,125,1173.76,35.8267,3.3171
"A01WSCM","3","1",81,"MARAVILHA",65,91,120,985.96,34.6302,2.1512
"A01WSCM","3","1",82,"UPLRI-7",80,110,115,1355.6,39.28,4.77707
"A01WSCM","3","1",83,"IR66421-062-1-1-2",82,110,115,1103.24,26.1412,1.84033
"A01WSCM","3","1",84,"PALAWAN",80,110,140,1260.96,24.1276,1.9202
"A01WSCM","3","1",85,"CT6516-24-3-2",78,110,110,906.6,26.9226,2.5034
"A01WSCM","3","1",86,"IR68702-072-1-4-B",73,98,120,1261.56,31.9858,3.2696
"A01WSCM","3","1",87,"UPLRI-5",88,116,125,1396.32,26.7016,3.2107
"A01WSCM","3","1",88,"IR70360-38-1-B-1",79,110,110,1637.52,28.8803,2.62743
"A01WSCM","3","2",89,"CT13370-12-2-M",71,98,100,1090.12,23.6634,1.48163
"A01WSCM","3","2",90,"WAYRAREM",79,110,125,1386.36,29.2449,3.73787
"A01WSCM","3","2",91,"IRAT216",76,103,90,965.92,23.2193,1.72023
"A01WSCM","3","2",92,"C22",87,116,130,1286.96,29.9434,3.65447
"A01WSCM","3","2",93,"B6144F-MR-6-0-0",78,110,130,1201.32,36.5664,3.7994
"A01WSCM","3","2",94,"WAB96-1-1",74,103,130,1549.28,31.3978,1.8387
"A01WSCM","3","2",95,"IRAT177",78,110,130,1259.56,22.1188,2.03217
"A01WSCM","3","2",96,"DINORADO",87,116,160,920.08,17.2637,1.2657
"A01WSCM","3","3",97,"AUS196",66,91,125,949.68,22.0664,2.57463
"A01WSCM","3","3",98,"IR55423-01",79,110,125,1819.12,33.79,4.61223
"A01WSCM","3","3",99,"IR66424-1-2-1-5",68,95,110,1097.16,31.7766,2.7572
"A01WSCM","3","3",100,"IR65907-116-1-B",71,98,115,1116.2,31.4818,2.99283
"A01WSCM","3","3",101,"IR60080-46A",77,103,130,1866.8,33.0041,3.9801
"A01WSCM","3","3",102,"IRAT170",83,110,125,1256.56,25.1098,1.9296
"A01WSCM","3","3",103,"AZUCENA",87,116,165,1404.16,25.094,1.69363
"A01WSCM","3","3",104,"VANDANA",59,88,135,1008.56,6.1712,0.51853
"A01WSCM","3","4",105,"WAB638-1",87,116,160,1631.48,19.0624,2.12583
"A01WSCM","3","4",106,"CT13377-4-2-M",70,98,105,1046.36,36.584,2.55233
"A01WSCM","3","4",107,"PRIMAVERA",64,91,125,1199.32,23.8535,1.97173
"A01WSCM","3","4",108,"IR55419-04",71,98,115,1479.08,36.2928,4.014
"A01WSCM","3","4",109,"IR70358-84-1-1",59,88,125,890.88,8.8811,0.8326
"A01WSCM","3","4",110,"IR65261-09-1-B",77,103,130,1681.4,30.0226,1.92067
"A01WSCM","3","4",111,"IR71525-19-1-1",73,103,125,1218.96,33.7632,3.34297
"A01WSCM","3","4",112,"IR66417-18-1-1-1",93,118,130,1321.88,22.1745,1.7776
"A01WSCM","3","5",113,"IR71524-44-1-1",75,103,135,1435.04,35.5474,3.59177
"A01WSCM","3","5",114,"CT13382-8-3-M",70,98,105,1111.16,28.8311,2.66697
"A01WSCM","3","5",115,"WAB56-125",63,91,110,880.36,17.5156,0.86183
"A01WSCM","3","5",116,"IRAT212",61,91,100,1100.16,13.638,1.1917
"A01WSCM","3","5",117,"CT6510-24-1-2",73,103,115,1649.12,33.4772,4.06007
"A01WSCM","3","5",118,"IR72768-15-1-1",71,98,120,1469.44,32.3225,3.56247
"A01WSCM","3","5",119,"IR47686-30-3-2",83,110,130,1884.48,30.2471,3.70833
"A01WSCM","3","5",120,"WAB181-18",59,91,125,1063.52,23.4203,1.47423
"AWS01-D","1","1",1,"WAB638-1",95,118,103,386.47,5.5548,0.357
"AWS01-D","1","1",2,"AZUCENA",84,109,126,663.42,12.1974,0.94093
"AWS01-D","1","1",3,"C22",88,116,105,653.92,15.8919,1.20837
"AWS01-D","1","1",4,"IRAT177",78,103,106,570.77,12.3983,0.82285
"AWS01-D","1","1",5,"IR65907-116-1-B",78,103,100,401.23,9.6517,0.45029
"AWS01-D","1","1",6,"IR47686-30-3-2",88,109,101,795.12,5.0452,0.46645
"AWS01-D","1","1",7,"CT6510-24-1-2",77,109,101,447.71,11.7723,0.875
"AWS01-D","1","1",8,"UPLRI-7",77,109,102,508.76,15.9722,1.181
"AWS01-D","1","2",9,"IR66421-062-1-1-2",82,109,94,339.37,4.9703,0.19613
"AWS01-D","1","2",10,"IR60080-46A",81,106,106,332.06,10.4071,0.40183
"AWS01-D","1","2",11,"CT13377-4-2-M",71,99,88,271.69,9.8237,0.31035
"AWS01-D","1","2",12,"VANDANA",64,92,110,329.6,8.2207,0.63
"AWS01-D","1","2",13,"IR66417-18-1-1-1",93,118,104,269.68,1.7336,0.05436
"AWS01-D","1","2",14,"CT13370-12-2-M",76,99,102,266.79,7.2304,0.2243
"AWS01-D","1","2",15,"IR71524-44-1-1",81,106,104,371.12,7.0375,0.30369
"AWS01-D","1","2",16,"AUS196",70,97,106,589.43,16.0198,1.09797
"AWS01-D","1","3",17,"B6144F-MR-6-0-0",79,106,109,544.76,14.6413,0.92744
"AWS01-D","1","3",18,"WAYRAREM",81,106,105,457.16,17.4241,0.92622
"AWS01-D","1","3",19,"WAB56-125",71,99,90,301.86,12.2117,0.42863
"AWS01-D","1","3",20,"CT13382-8-3-M",71,95,95,320.95,14.3162,1.069
"AWS01-D","1","3",21,"IR68702-072-1-4-B",74,97,114,471.63,19.9589,1.09456
"AWS01-D","1","3",22,"PRIMAVERA",71,95,103,271.28,13.3736,0.844
"AWS01-D","1","3",23,"IR70358-84-1-1",70,97,92,306.95,9.5951,0.34247
"AWS01-D","1","3",24,"IR55423-01",81,109,87,475.75,19.6002,1.08427
"AWS01-D","1","4",25,"IR72768-15-1-1",80,103,79,261.32,12.9428,0.39328
"AWS01-D","1","4",26,"IRAT212",71,97,73,167.66,9.0421,0.17628
"AWS01-D","1","4",27,"UPLRI-5",91,116,95,382.28,18.9076,0.84047
"AWS01-D","1","4",28,"PALAWAN",79,106,124,647.01,19.2433,1.44773
"AWS01-D","1","4",29,"IR71525-19-1-1",76,97,106,386.51,25.6155,1.279
"AWS01-D","1","4",30,"IR65261-09-1-B",81,106,120,482.89,11.4701,0.64404
"AWS01-D","1","4",31,"IR55419-04",73,97,106,556.58,11.9619,0.77416
"AWS01-D","1","4",32,"IR70360-38-1-B-1",76,106,105,590.86,16.2242,1.11468
"AWS01-D","1","5",33,"WAB96-1-1",79,106,104,472.65,14.3125,0.7866
"AWS01-D","1","5",34,"IRAT216",81,109,87,380.59,13.95,0.61735
"AWS01-D","1","5",35,"IR66424-1-2-1-5",71,95,102,458.91,16.1051,1.71878
"AWS01-D","1","5",36,"WAB181-18",68,95,103,368.22,13.0943,1.12128
"AWS01-D","1","5",37,"MARAVILHA",68,92,108,331,19.9402,1.53494
"AWS01-D","1","5",38,"DINORADO",88,116,100,585.55,21.4417,1.45991
"AWS01-D","1","5",39,"CT6516-24-3-2",78,103,102,443.87,16.0781,0.82983
"AWS01-D","1","5",40,"IRAT170",84,109,92,381.18,24.5768,1.08933
"AWS01-D","2","1",41,"UPLRI-7",81,109,91,532.3,23.9151,1.48023
"AWS01-D","2","1",42,"IR71525-19-1-1",76,97,102,247.86,19.3085,0.55648
"AWS01-D","2","1",43,"DINORADO",89,116,112,451.54,12.5206,0.65738
"AWS01-D","2","1",44,"IR55423-01",83,109,90,447.68,19.0265,0.99044
"AWS01-D","2","1",45,"IR66421-062-1-1-2",82,109,81,335.5,6.111,0.2384
"AWS01-D","2","1",46,"IR71524-44-1-1",81,106,101,409.85,13.3824,0.63776
"AWS01-D","2","1",47,"PRIMAVERA",68,95,104,335.56,11.3416,0.885
"AWS01-D","2","1",48,"IR66424-1-2-1-5",72,95,88,286.9,12.8609,0.858
"AWS01-D","2","2",49,"CT6510-24-1-2",80,109,92,543.76,10.3457,0.65413
"AWS01-D","2","2",50,"CT13382-8-3-M",74,95,80,255.44,9.9593,0.423
"AWS01-D","2","2",51,"IR65907-116-1-B",78,103,90,299.35,14.814,0.51564
"AWS01-D","2","2",52,"IRAT216",80,109,86,286.54,14.4971,0.48302
"AWS01-D","2","2",53,"CT13370-12-2-M",76,99,94,327.97,11.5766,0.44148
"AWS01-D","2","2",54,"CT6516-24-3-2",81,103,91,217.24,7.9359,0.251
"AWS01-D","2","2",55,"VANDANA",64,92,105,329.51,6.6803,0.512
"AWS01-D","2","2",56,"UPLRI-5",91,116,95,368.84,16.6305,0.71326
"AWS01-D","2","3",57,"CT13377-4-2-M",74,99,82,153.99,10.7085,0.19174
"AWS01-D","2","3",58,"IR70360-38-1-B-1",78,106,98,470.76,3.8788,0.21233
"AWS01-D","2","3",59,"IRAT170",84,109,94,350.54,3.0054,0.1225
"AWS01-D","2","3",60,"WAB638-1",92,118,112,675.73,4.9169,0.38634
"AWS01-D","2","3",61,"IRAT212",66,97,81,280.4,3.7081,0.1209
"AWS01-D","2","3",62,"B6144F-MR-6-0-0",78,106,110,628.66,10.922,0.7984
"AWS01-D","2","3",63,"WAB181-18",68,95,100,307.98,7.4615,0.534
"AWS01-D","2","3",64,"AZUCENA",84,109,147,543.4,1.0853,0.06858
"AWS01-D","2","4",65,"AUS196",71,97,111,573.17,9.2765,0.61826
"AWS01-D","2","4",66,"WAB56-125",71,99,93,200.85,2.9114,0.06799
"AWS01-D","2","4",67,"WAYRAREM",80,103,103,454.84,10.9577,0.57953
"AWS01-D","2","4",68,"IRAT177",81,103,94,238.87,1.6212,0.04503
"AWS01-D","2","4",69,"IR47686-30-3-2",91,109,116,464.97,1.0684,0.05776
"AWS01-D","2","4",70,"IR65261-09-1-B",81,106,101,408.66,2.7315,0.1298
"AWS01-D","2","4",71,"MARAVILHA",67,92,112,362.22,4.7534,0.4
"AWS01-D","2","4",72,"PALAWAN",80,106,135,424.31,4.5504,0.264
"AWS01-D","2","5",73,"WAB96-1-1",80,106,112,272.9,6.5592,0.20814
"AWS01-D","2","5",74,"IR72768-15-1-1",75,103,102,356.01,3.0933,0.12805
"AWS01-D","2","5",75,"IR55419-04",72,97,102,471.22,8.7475,0.4793
"AWS01-D","2","5",76,"IR70358-84-1-1",68,97,103,456.34,4.6763,0.24814
"AWS01-D","2","5",77,"C22",89,116,120,827.3,4.5084,0.43369
"AWS01-D","2","5",78,"IR68702-072-1-4-B",74,97,128,606.23,5.1519,0.36317
"AWS01-D","2","5",79,"IR60080-46A",79,106,109,594.8,2.9081,0.20113
"AWS01-D","2","5",80,"IR66417-18-1-1-1",92,118,105,535.18,0.9679,0.06023
"AWS01-D","3","1",81,"IR72768-15-1-1",77,103,105,306.02,5.2342,0.18625
"AWS01-D","3","1",82,"WAB96-1-1",77,106,111,524.98,0.4719,0.02881
"AWS01-D","3","1",83,"IRAT212",72,97,85,331.12,1.0925,0.04206
"AWS01-D","3","1",84,"IR47686-30-3-2",87,109,104,909.61,1.3308,0.14076
"AWS01-D","3","1",85,"IR66421-062-1-1-2",83,109,100,278.93,4.0961,0.13285
"AWS01-D","3","1",86,"IRAT216",80,109,88,270.87,2.1653,0.0682
"AWS01-D","3","1",87,"WAB56-125",69,99,92,278.12,2.0207,0.06535
"AWS01-D","3","1",88,"CT13382-8-3-M",75,95,82,209.92,2.3414,0.114
"AWS01-D","3","2",89,"IRAT170",84,109,92,247.63,6.1099,0.17593
"AWS01-D","3","2",90,"IR71525-19-1-1",78,97,113,250.46,8.1699,0.23794
"AWS01-D","3","2",91,"IR65907-116-1-B",78,103,96,238.58,6.7379,0.22
"AWS01-D","3","2",92,"IR68702-072-1-4-B",77,97,120,293.86,9.8202,0.33555
"AWS01-D","3","2",93,"IRAT177",79,103,111,421.78,3.3857,0.16605
"AWS01-D","3","2",94,"AUS196",72,97,116,569.05,5.9828,0.792
"AWS01-D","3","2",95,"IR70360-38-1-B-1",76,106,106,391.35,8.0113,0.36456
"AWS01-D","3","2",96,"IR71524-44-1-1",79,106,102,416.29,8.1158,0.39285
"AWS01-D","3","3",97,"C22",89,116,112,640.42,4.3596,0.32465
"AWS01-D","3","3",98,"IR70358-84-1-1",66,97,116,379.87,3.9132,0.17285
"AWS01-D","3","3",99,"CT6510-24-1-2",77,109,95,594.38,11.2521,1.111
"AWS01-D","3","3",100,"B6144F-MR-6-0-0",78,106,110,484.68,10.7654,0.714
"AWS01-D","3","3",101,"DINORADO",88,116,111,645.44,5.4912,0.41212
"AWS01-D","3","3",102,"CT13370-12-2-M",76,99,87,303.75,5.3506,0.18898
"AWS01-D","3","3",103,"IR65261-09-1-B",80,106,111,449.44,1.543,0.08064
"AWS01-D","3","3",104,"WAB181-18",68,95,85,221.91,5.3649,0.19776
"AWS01-D","3","4",105,"IR66424-1-2-1-5",71,95,95,339.37,7.9169,0.4463
"AWS01-D","3","4",106,"VANDANA",64,92,110,277.97,6.463,0.41779
"AWS01-D","3","4",107,"PALAWAN",78,106,123,463.85,9.9915,0.89816
"AWS01-D","3","4",108,"IR55423-01",80,109,93,563.54,12.6064,1.03259
"AWS01-D","3","4",109,"IR66417-18-1-1-1",91,118,106,582.04,2.4985,0.1691
"AWS01-D","3","4",110,"MARAVILHA",68,92,104,272.52,9.1793,0.582
"AWS01-D","3","4",111,"UPLRI-5",88,116,99,649.9,10.3708,0.78372
"AWS01-D","3","4",112,"WAB638-1",92,118,111,449.5,7.118,0.41337
"AWS01-D","3","5",113,"AZUCENA",86,109,136,549.04,11.6644,0.82742
"AWS01-D","3","5",114,"IR60080-46A",81,106,102,507.07,14.7056,0.86706
"AWS01-D","3","5",115,"IR55419-04",75,97,99,358.41,11.4131,0.951
"AWS01-D","3","5",116,"CT13377-4-2-M",73,99,82,431.91,8.5463,0.42922
"AWS01-D","3","5",117,"PRIMAVERA",68,95,105,410.96,8.1425,0.778
"AWS01-D","3","5",118,"UPLRI-7",79,109,95,664.4,13.8324,1.06863
"AWS01-D","3","5",119,"CT6516-24-3-2",79,103,92,430.34,12.8601,0.644
"AWS01-D","3","5",120,"WAYRAREM",82,106,97,555.19,17.5958,1.136
"UWS02-2","1","1",1,"IRAT212",74,101,80,486.77,41.0053,1.05638
"UWS02-2","1","1",2,"CT13377-4-2-M",NA,NA,NA,NA,NA,NA
"UWS02-2","1","1",4,"CT13382-8-3-M",81,109,95,726.13,39.4418,1.00109
"UWS02-2","1","1",5,"IR71525-19-1-1",83,111,105,847.83,36.9687,2.18511
"UWS02-2","1","1",6,"WAB56-125",72,101,110,1092.1,30.2475,1.71528
"UWS02-2","1","1",7,"PALAWAN",87,115,125,631.93,19.0685,1.44364
"UWS02-2","1","1",9,"AUS196",79,109,115,902.07,35.6552,1.56558
"UWS02-2","1","1",10,"DINORADO",95,120,125,1087.03,25.5895,1.19138
"UWS02-2","1","1",11,"IR66417-18-1-1-1",98,122,115,703.03,28.8986,1.44079
"UWS02-2","1","2",12,"IR66424-1-2-1-5",77,109,95,729.17,35.5657,1.74591
"UWS02-2","1","2",13,"UPLRI-5",94,120,115,803,30.7098,2.4634
"UWS02-2","1","2",14,"IR55423-01",89,116,105,949.97,38.4926,2.07528
"UWS02-2","1","2",15,"PRIMAVERA",70,95,105,968.13,35.973,1.93298
"UWS02-2","1","2",16,"VANDANA",72,95,110,880.37,37.2193,1.69491
"UWS02-2","1","2",17,"WAB181-18",72,97,110,776.83,29.1783,1.46792
"UWS02-2","1","2",18,"IRAT170",91,116,115,1280.13,25.0573,1.6113
"UWS02-2","1","2",19,"IR70360-38-1-B-1",87,115,115,1177.67,29.1254,1.36443
"UWS02-2","1","2",21,"WAB96-1-1",87,111,115,723.67,25.1681,1.59432
"UWS02-2","1","2",22,"C22",94,120,125,1377.5,30.7126,2.81925
"UWS02-2","1","3",23,"IRAT216",85,115,105,1211.57,23.1628,1.50057
"UWS02-2","1","3",24,"IRAT177",85,111,120,1164.67,23.0624,1.67302
"UWS02-2","1","3",25,"AZUCENA",92,116,160,1049.6,27.8233,2.42372
"UWS02-2","1","3",26,"IR55419-04",83,109,120,1235.53,36.23,2.53426
"UWS02-2","1","3",27,"CT6516-24-3-2",83,115,120,1042.03,27.8046,1.65668
"UWS02-2","1","3",28,"CT13370-12-2-M",80,109,115,894.6,32.808,1.31962
"UWS02-2","1","3",29,"CT6510-24-1-2",85,111,115,1466.27,32.9181,2.61689
"UWS02-2","1","3",30,"IR65261-09-1-B",82,109,135,948.57,30.8149,1.79717
"UWS02-2","1","3",31,"IR47686-30-3-2",93,116,125,1656.73,26.9144,2.47049
"UWS02-2","1","3",32,"WAYRAREM",87,115,130,1180.97,32.002,1.37979
"UWS02-2","1","3",33,"IR71524-44-1-1",85,111,125,959.67,35.2935,2.88277
"UWS02-2","1","4",34,"WAB638-1",97,122,150,1500.93,33.8167,1.47102
"UWS02-2","1","4",35,"IR72768-15-1-1",79,109,110,875.5,34.5517,1.60021
"UWS02-2","1","4",36,"IR60080-46A",87,115,125,1087.77,33.0984,1.282
"UWS02-2","1","4",37,"IR65907-116-1-B",80,109,110,780.4,25.6065,1.46808
"UWS02-2","1","4",39,"IR68702-072-1-4-B",83,109,120,1002.87,31.154,1.74804
"UWS02-2","1","4",40,"B6144F-MR-6-0-0",87,115,115,1175.93,35.1919,2.21532
"UWS02-2","1","4",41,"MARAVILHA",72,97,115,506.27,39.6892,1.34015
"UWS02-2","1","4",42,"UPLRI-7",85,115,105,1012.2,34.3773,2.04277
"UWS02-2","1","4",43,"IR70358-84-1-1",70,97,100,818.63,28.1648,1.09277
"UWS02-2","1","4",44,"IR66421-062-1-1-2",NA,NA,NA,NA,NA,NA
"UWS02-2","2","1",45,"UPLRI-7",86,115,105,842.93,38.7773,3.10272
"UWS02-2","2","1",46,"WAB638-1",98,122,150,972.23,25.3094,1.65638
"UWS02-2","2","1",47,"IR47686-30-3-2",93,116,120,1235.1,36.5423,3.12128
"UWS02-2","2","1",48,"IR71525-19-1-1",84,111,120,858.43,39.0673,1.09726
"UWS02-2","2","1",49,"PALAWAN",89,116,150,884.07,29.4397,0.91323
"UWS02-2","2","1",50,"IRAT177",88,115,120,950.9,33.6383,1.30121
"UWS02-2","2","1",51,"IR72768-15-1-1",82,109,110,824.3,26.3537,1.07838
"UWS02-2","2","1",52,"IRAT212",69,97,90,739.57,32.6002,1.41949
"UWS02-2","2","1",53,"IR71524-44-1-1",85,115,120,3056.93,10.8257,2.14726
"UWS02-2","2","1",54,"WAB96-1-1",85,111,130,864.87,25.2871,1.58045
"UWS02-2","2","1",55,"IR55423-01",87,115,120,1064.03,37.4393,3.35964
"UWS02-2","2","2",57,"WAYRAREM",87,115,120,1302.3,29.3686,2.42315
"UWS02-2","2","2",58,"CT13377-4-2-M",76,109,120,1145.33,34.9302,1.53094
"UWS02-2","2","2",59,"IR65261-09-1-B",82,109,140,1227.33,28.6393,1.8836
"UWS02-2","2","2",60,"IRAT216",NA,NA,NA,NA,NA,NA
"UWS02-2","2","2",61,"IR66421-062-1-1-2",87,115,100,1220.67,25.8984,1.84525
"UWS02-2","2","2",62,"IR60080-46A",84,111,125,1055.6,29.7651,2.52315
"UWS02-2","2","2",64,"IRAT170",88,115,110,1063.43,27.3893,1.7386
"UWS02-2","2","2",65,"WAB181-18",73,109,120,619.13,30.7257,1.10738
"UWS02-2","2","2",66,"VANDANA",68,95,120,986.87,38.2456,1.98723
"UWS02-2","2","3",67,"CT6516-24-3-2",84,111,110,812.9,18.6124,1.13055
"UWS02-2","2","3",68,"C22",93,120,125,1162.13,32.578,3.02315
"UWS02-2","2","3",69,"AUS196",76,109,130,902.73,37.3237,2.32849
"UWS02-2","2","3",70,"MARAVILHA",70,97,125,950.57,38.3035,2.05515
"UWS02-2","2","3",72,"CT13382-8-3-M",80,109,100,599.73,34.5487,0.91083
"UWS02-2","2","3",73,"IR66417-18-1-1-1",95,122,120,1259.33,22.4193,1.71202
"UWS02-2","2","3",74,"IR70358-84-1-1",74,109,105,574.8,33.3507,1.79879
"UWS02-2","2","3",75,"IR55419-04",83,109,105,813.9,42.3434,2.15558
"UWS02-2","2","3",76,"IR68702-072-1-4-B",80,109,125,827.93,33.1468,2.16792
"UWS02-2","2","3",77,"UPLRI-5",94,120,115,1042.5,34.948,2.3083
"UWS02-2","2","4",78,"DINORADO",94,120,145,928.37,22.5055,1.39921
"UWS02-2","2","4",79,"WAB56-125",73,97,110,875.5,30.5997,1.39692
"UWS02-2","2","4",80,"IR66424-1-2-1-5",73,101,110,754.57,36.6877,1.64726
"UWS02-2","2","4",81,"CT6510-24-1-2",85,111,105,1082.97,34.5317,2.37553
"UWS02-2","2","4",82,"IR65907-116-1-B",80,109,100,564.77,23.8033,1.68223
"UWS02-2","2","4",84,"B6144F-MR-6-0-0",87,115,115,1449.37,35.6524,2.56713
"UWS02-2","2","4",85,"CT13370-12-2-M",81,109,105,760.37,28.5301,1.02709
"UWS02-2","2","4",86,"IR70360-38-1-B-1",91,120,110,1106.87,30.7444,1.60147
"UWS02-2","2","4",87,"PRIMAVERA",75,111,120,296.2,37.8798,0.26072
"UWS02-2","2","4",88,"AZUCENA",94,116,150,660.5,26.9997,1.15794
"UWS02-2","3","1",89,"WAB96-1-1",87,111,105,797,24.5713,1.03215
"UWS02-2","3","1",91,"IR71524-44-1-1",87,111,105,935.97,28.5801,1.69551
"UWS02-2","3","1",92,"CT6510-24-1-2",88,115,100,1085.33,29.0479,1.14964
"UWS02-2","3","1",93,"MARAVILHA",73,97,115,610.9,36.8527,1.50479
"UWS02-2","3","1",94,"IRAT216",87,115,100,745.27,22.6228,1.04894
"UWS02-2","3","1",95,"IR65907-116-1-B",82,109,100,563.7,29.0344,1.65374
"UWS02-2","3","1",96,"DINORADO",95,120,130,745.4,25.512,1.48704
"UWS02-2","3","1",97,"CT13382-8-3-M",80,109,100,582.1,34.4042,0.81128
"UWS02-2","3","1",98,"VANDANA",67,95,120,925.1,27.7556,1.69251
"UWS02-2","3","1",99,"C22",94,120,130,1413.4,31.8263,3.33557
"UWS02-2","3","2",100,"IR66417-18-1-1-1",96,122,115,955.2,28.5141,1.42547
"UWS02-2","3","2",101,"PRIMAVERA",72,95,120,775.83,36.5671,1.82096
"UWS02-2","3","2",102,"WAYRAREM",87,115,120,1031.6,32.0764,2.069
"UWS02-2","3","2",103,"IRAT170",90,115,120,1043.47,35.4204,1.80166
"UWS02-2","3","2",104,"CT6516-24-3-2",83,111,115,1091.53,26.2933,1.59634
"UWS02-2","3","2",105,"AZUCENA",91,116,160,1042.07,24.3235,2.01526
"UWS02-2","3","2",106,"WAB56-125",72,97,105,856.03,35.7852,2.19226
"UWS02-2","3","2",107,"UPLRI-7",87,111,110,1390.7,33.3669,2.67498
"UWS02-2","3","2",108,"IR55423-01",87,115,115,1019.8,34.7552,2.48313
"UWS02-2","3","2",109,"PALAWAN",87,111,150,924.97,24.3648,1.75615
"UWS02-2","3","2",110,"IR60080-46A",87,111,130,813.1,34.6165,2.20874
"UWS02-2","3","3",111,"IR55419-04",82,109,115,1028.63,36.9617,2.5943
"UWS02-2","3","3",112,"UPLRI-5",92,116,130,1344.07,33.8004,2.7953
"UWS02-2","3","3",114,"IR72768-15-1-1",NA,NA,NA,NA,NA,NA
"UWS02-2","3","3",115,"IRAT212",68,97,100,1007.17,25.8713,1.56258
"UWS02-2","3","3",116,"IR66424-1-2-1-5",72,101,105,1280.63,34.3528,2.09808
"UWS02-2","3","3",118,"IR66421-062-1-1-2",83,111,115,1095.97,29.9979,2.71587
"UWS02-2","3","3",119,"CT13370-12-2-M",NA,NA,NA,NA,NA,NA
"UWS02-2","3","3",120,"IR68702-072-1-4-B",76,109,145,1256.93,41.0046,2.58602
"UWS02-2","3","3",121,"IRAT177",82,111,135,942.3,24.7692,1.82736
"UWS02-2","3","4",122,"B6144F-MR-6-0-0",85,115,130,1073.33,35.472,2.53294
"UWS02-2","3","4",123,"WAB181-18",69,97,120,824.63,22.6727,1.40772
"UWS02-2","3","4",124,"IR71525-19-1-1",79,109,125,1109.07,29.9772,1.72358
"UWS02-2","3","4",126,"WAB638-1",98,122,155,1181.37,25.8937,1.6817
"UWS02-2","3","4",127,"IR70360-38-1-B-1",87,115,120,1093.67,19.0186,1.64177
"UWS02-2","3","4",128,"IR70358-84-1-1",73,109,105,1129.17,24.4753,1.42262
"UWS02-2","3","4",129,"AUS196",80,109,120,921.4,37.1138,1.84575
"UWS02-2","3","4",130,"CT13377-4-2-M",76,109,105,779.23,34.7136,1.77023
"UWS02-2","3","4",131,"IR65261-09-1-B",84,109,135,908.9,35.5705,1.46353
"UWS02-2","3","4",132,"IR47686-30-3-2",93,116,125,1264.9,29.8522,2.42692
"UWS02-8","1","1",1,"IR65261-09-1-B",83,111,110,408.25,26.238,1.0788
"UWS02-8","1","1",2,"UPLRI-5",89,115,105,667.58,29.9888,1.62865
"UWS02-8","1","1",3,"AUS196",76,104,95,139.82,29.2168,0.50472
"UWS02-8","1","1",4,"CT6516-24-3-2",80,110,95,307.65,12.2163,0.54104
"UWS02-8","1","1",5,"IR66421-062-1-1-2",82,110,85,1023.02,15.9496,1.0587
"UWS02-8","1","1",6,"IR55423-01",83,111,110,630.82,32.8172,2.20483
"UWS02-8","1","1",7,"WAB181-18",67,96,105,282.27,31.6072,0.44669
"UWS02-8","1","1",8,"B6144F-MR-6-0-0",84,115,105,422.27,39.7379,1.86946
"UWS02-8","1","1",9,"IR71524-44-1-1",85,110,100,533.88,21.2718,0.82317
"UWS02-8","1","1",10,"IRAT170",90,115,90,282.58,24.0932,0.70398
"UWS02-8","1","1",11,"VANDANA",65,96,105,547.85,40.8232,1.74887
"UWS02-8","1","2",12,"IR71525-19-1-1",80,104,105,441.83,21.7126,0.74152
"UWS02-8","1","2",13,"IR70358-84-1-1",65,96,95,397.05,23.7208,0.59085
"UWS02-8","1","2",14,"IR65907-116-1-B",80,108,100,279.53,13.0694,0.42894
"UWS02-8","1","2",15,"AZUCENA",94,116,125,275.82,17.8379,0.43813
"UWS02-8","1","2",16,"WAYRAREM",86,115,105,427.77,29.5566,1.17494
"UWS02-8","1","2",17,"C22",93,122,105,610.05,29.4839,1.94256
"UWS02-8","1","2",18,"IR55419-04",80,108,100,513.63,25.2645,1.29611
"UWS02-8","1","2",19,"PRIMAVERA",80,111,105,NA,NA,NA
"UWS02-8","1","2",20,"IR70360-38-1-B-1",84,115,100,553.32,26.6725,1.32702
"UWS02-8","1","2",21,"WAB638-1",97,122,105,249.77,17.81,0.36374
"UWS02-8","1","2",22,"WAB96-1-1",84,111,105,361.25,17.0012,0.70207
"UWS02-8","1","3",24,"CT13382-8-3-M",80,108,85,241.03,5.5456,0.26035
"UWS02-8","1","3",26,"IR60080-46A",82,110,120,487.3,25.5695,1.44752
"UWS02-8","1","3",27,"IR66424-1-2-1-5",70,101,105,611.93,24.2837,1.12865
"UWS02-8","1","3",28,"MARAVILHA",70,96,105,534.18,33.9709,1.19067
"UWS02-8","1","3",29,"IRAT177",82,110,110,458.78,11.5959,0.72413
"UWS02-8","1","3",30,"DINORADO",91,116,145,713.87,17.4449,1.41
"UWS02-8","1","3",31,"CT6510-24-1-2",84,116,105,517.65,35.2748,2.64593
"UWS02-8","1","3",32,"CT13377-4-2-M",NA,111,NA,NA,NA,NA
"UWS02-8","1","4",34,"WAB56-125",70,96,110,577.55,32.5628,1.1857
"UWS02-8","1","4",35,"IRAT212",68,104,80,508.82,21.0488,0.54152
"UWS02-8","1","4",36,"PALAWAN",85,116,130,483.72,25.9966,1.0533
"UWS02-8","1","4",37,"UPLRI-7",84,116,105,933.02,36.1408,2.83998
"UWS02-8","1","4",38,"IR68702-072-1-4-B",76,104,115,466.95,21.3335,1.34926
"UWS02-8","1","4",39,"IRAT216",NA,111,NA,NA,NA,NA
"UWS02-8","1","4",40,"IR72768-15-1-1",80,104,110,609.05,19.4346,0.98457
"UWS02-8","1","4",41,"IR66417-18-1-1-1",94,122,110,761.37,17.2147,1.08591
"UWS02-8","1","4",42,"CT13370-12-2-M",76,108,100,573.52,20.0459,0.67465
"UWS02-8","1","4",44,"IR47686-30-3-2",91,116,115,1165.03,19.4472,2.21839
"UWS02-8","2","1",45,"CT6510-24-1-2",87,116,100,1055.08,26.723,2.65544
"UWS02-8","2","1",46,"WAB181-18",76,111,100,NA,NA,NA
"UWS02-8","2","1",47,"WAB638-1",96,122,135,772.6,24.3722,1.87844
"UWS02-8","2","1",48,"CT13382-8-3-M",76,108,95,245.9,18.5102,0.45528
"UWS02-8","2","1",49,"IR47686-30-3-2",91,116,125,1168.47,20.3244,2.67806
"UWS02-8","2","1",50,"B6144F-MR-6-0-0",84,115,125,1373.13,32.353,3.09269
"UWS02-8","2","1",52,"WAYRAREM",85,115,125,814.98,32.1254,2.14876
"UWS02-8","2","1",53,"IR71524-44-1-1",81,110,120,504.42,25.6104,1.11104
"UWS02-8","2","1",54,"AZUCENA",91,116,135,500.92,21.0448,0.67135
"UWS02-8","2","1",55,"IR66417-18-1-1-1",93,122,115,532.27,16.58,0.63226
"UWS02-8","2","2",56,"CT13370-12-2-M",76,108,100,402.42,5.7735,0.24509
"UWS02-8","2","2",57,"IR55423-01",84,115,110,979.65,31.2305,2.97574
"UWS02-8","2","2",58,"PRIMAVERA",70,96,110,652.32,30.6702,0.80067
"UWS02-8","2","2",59,"IR66421-062-1-1-2",NA,111,NA,NA,NA,NA
"UWS02-8","2","2",60,"VANDANA",66,96,120,653.58,31.6894,1.4355
"UWS02-8","2","2",62,"IR70360-38-1-B-1",82,115,120,905.82,21.7465,1.7702
"UWS02-8","2","2",63,"UPLRI-7",84,116,100,867.72,29.1455,1.99213
"UWS02-8","2","2",64,"IR72768-15-1-1",NA,111,NA,NA,NA,NA
"UWS02-8","2","2",65,"IR60080-46A",85,110,110,617.95,23.0817,1.01269
"UWS02-8","2","2",66,"WAB96-1-1",81,108,110,424.03,16.8265,0.58172
"UWS02-8","2","3",67,"IR66424-1-2-1-5",70,108,95,609,7.5917,0.35496
"UWS02-8","2","3",68,"IR65261-09-1-B",84,108,110,396.93,21.0615,0.63276
"UWS02-8","2","3",69,"IR55419-04",79,108,105,640.52,31.256,1.36922
"UWS02-8","2","3",70,"IRAT212",70,101,85,334.87,14.3789,0.11454
"UWS02-8","2","3",71,"CT6516-24-3-2",84,110,105,538,22.026,0.605
"UWS02-8","2","3",72,"IRAT177",84,108,90,303.7,12.5123,0.40941
"UWS02-8","2","3",74,"IR68702-072-1-4-B",83,108,90,184.53,17.7836,0.26591
"UWS02-8","2","3",75,"DINORADO",93,116,130,652.45,23.4347,1.01415
"UWS02-8","2","3",76,"AUS196",73,101,105,429.38,22.0976,1.09137
"UWS02-8","2","3",77,"IR65907-116-1-B",80,104,95,285.35,21.2546,0.64226
"UWS02-8","2","4",78,"UPLRI-5",91,116,100,812.95,28.9911,1.77315
"UWS02-8","2","4",80,"IR71525-19-1-1",80,108,85,338.22,20.8249,0.61654
"UWS02-8","2","4",81,"PALAWAN",85,110,110,261.55,17.2497,0.66267
"UWS02-8","2","4",82,"C22",90,122,95,885.45,32.315,2.16117
"UWS02-8","2","4",83,"IRAT216",80,108,80,360.7,10.4704,0.26626
"UWS02-8","2","4",84,"IRAT170",87,110,90,549.45,18.8674,0.7045
"UWS02-8","2","4",85,"CT13377-4-2-M",71,101,85,278.38,24.1334,0.60331
"UWS02-8","2","4",86,"WAB56-125",68,96,100,340.47,23.7468,0.49383
"UWS02-8","2","4",87,"IR70358-84-1-1",65,98,100,583.82,20.2004,0.82124
"UWS02-8","2","4",88,"MARAVILHA",68,98,110,447.37,32.6131,1.2297
"UWS02-8","3","1",90,"IR70358-84-1-1",65,96,105,615.15,27.4513,1.09854
"UWS02-8","3","1",91,"IR65907-116-1-B",76,104,105,523.43,28.4468,1.06463
"UWS02-8","3","1",92,"IRAT212",66,98,95,379.27,29.1615,1.02854
"UWS02-8","3","1",93,"WAYRAREM",83,115,115,610.47,29.5457,1.86807
"UWS02-8","3","1",94,"IR60080-46A",85,110,110,511.22,29.5015,0.92854
"UWS02-8","3","1",95,"WAB56-125",68,96,100,310.93,22.7648,0.954
"UWS02-8","3","1",96,"AUS196",70,101,120,320.65,25.5211,1.81906
"UWS02-8","3","1",97,"IR55423-01",84,115,105,669.7,35.2446,2.24193
"UWS02-8","3","1",98,"WAB181-18",68,101,100,280.47,21.286,0.47376
"UWS02-8","3","1",99,"IR72768-15-1-1",80,108,95,361.95,28.4708,0.85081
"UWS02-8","3","2",100,"IR68702-072-1-4-B",79,104,110,410.78,26.0559,1.12243
"UWS02-8","3","2",101,"IRAT170",89,115,100,292.33,29.1049,1.05083
"UWS02-8","3","2",103,"UPLRI-7",85,116,100,537.38,33.4553,2.03298
"UWS02-8","3","2",104,"CT6510-24-1-2",84,115,95,554.8,34.1955,1.95641
"UWS02-8","3","2",105,"CT6516-24-3-2",85,110,100,259.3,22.8307,0.47626
"UWS02-8","3","2",106,"AZUCENA",91,116,145,612.48,22.9775,1.01131
"UWS02-8","3","2",107,"IRAT177",84,110,110,538.15,19.0189,0.62161
"UWS02-8","3","2",108,"IR70360-38-1-B-1",84,116,110,634.13,29.8886,1.32461
"UWS02-8","3","2",109,"IR71525-19-1-1",80,108,105,381.2,24.2218,0.78437
"UWS02-8","3","2",110,"IR66417-18-1-1-1",96,122,105,341.02,16.1234,0.70435
"UWS02-8","3","3",111,"CT13377-4-2-M",81,108,85,255.63,9.5775,0.24169
"UWS02-8","3","3",112,"DINORADO",92,116,130,578.18,22.0778,0.94065
"UWS02-8","3","3",113,"IR65261-09-1-B",84,110,110,454.2,24.1524,0.74994
"UWS02-8","3","3",114,"WAB638-1",96,122,130,509.55,22.5395,0.90307
"UWS02-8","3","3",115,"IR47686-30-3-2",90,116,120,704.68,30.1648,2.74037
"UWS02-8","3","3",116,"VANDANA",66,96,115,610.12,34.8431,2.1538
"UWS02-8","3","3",117,"PALAWAN",85,116,130,657.35,19.4544,0.8485
"UWS02-8","3","3",118,"C22",91,122,115,984.1,30.5846,2.85219
"UWS02-8","3","3",120,"IR71524-44-1-1",83,115,130,764.02,29.4125,1.56152
"UWS02-8","3","3",121,"WAB96-1-1",83,110,110,421.55,20.1479,0.60559
"UWS02-8","3","4",122,"IR66421-062-1-1-2",84,115,90,435.7,24.562,0.9882
"UWS02-8","3","4",123,"IR66424-1-2-1-5",70,108,105,498.8,23.3427,0.9677
"UWS02-8","3","4",124,"IR55419-04",79,110,110,928.9,26.3394,2.20015
"UWS02-8","3","4",125,"MARAVILHA",70,96,120,554.55,20.2296,1.43693
"UWS02-8","3","4",126,"PRIMAVERA",70,96,115,586.57,33.625,1.68452
"UWS02-8","3","4",127,"B6144F-MR-6-0-0",84,115,110,986.57,31.907,2.71606
"UWS02-8","3","4",128,"CT13370-12-2-M",85,111,110,NA,NA,NA
"UWS02-8","3","4",129,"CT13382-8-3-M",76,110,100,395.25,15.3827,0.60633
"UWS02-8","3","4",130,"UPLRI-5",92,116,115,1484.93,24.716,2.54763
"UWS02-8","3","4",131,"IRAT216",84,108,85,NA,NA,0.86204
"A03WS-0","1","1",1,"C22",82,107,121,1451.4,33.8432,4.25713
"A03WS-0","1","1",2,"IR71525-19-1-1",69,99,122,917.44,30.5633,3.04325
"A03WS-0","1","1",3,"IR55423-01",75,106,89,1483.68,35.5063,4.97072
"A03WS-0","1","1",4,"AUS196",66,100,118,844.28,30.7481,2.85443
"A03WS-0","1","1",5,"WAB96-1-1",72,97,116,1067.6,23.7542,1.81368
"A03WS-0","1","1",6,"PRIMAVERA",59,114,117,771.6,26.957,1.21064
"A03WS-0","1","1",7,"CT13382-8-3-M",69,97,102,814,27.371,1.75404
"A03WS-0","1","1",8,"IR65261-09-1-B",73,97,116,1107.6,29.2524,2.7103
"A03WS-0","1","1",9,"IR68702-072-1-4-B",69,97,150,781.6,26.6633,3.13152
"A03WS-0","1","1",10,"IR47686-30-3-2",81,106,113,1402.4,31.3748,4.47583
"A03WS-0","1","1",11,"IR66417-18-1-1-1",89,111,115,1140.8,9.6073,1.96861
"A03WS-0","1","2",12,"PALAWAN",75,100,133,1048.8,28.5278,2.45384
"A03WS-0","1","2",13,"WAYRAREM",75,105,116,1104,31.3768,3.65275
"A03WS-0","1","2",14,"B6144F-MR-6-0-0",76,105,119,1197.2,32.0748,3.8386
"A03WS-0","1","2",15,"DINORADO",82,105,140,888.4,23.4129,2.39897
"A03WS-0","1","2",16,"VANDANA",56,83,123,976.8,26.6175,2.37909
"A03WS-0","1","2",18,"IR60080-46A",75,105,110,1044.8,29.5942,3.23986
"A03WS-0","1","2",19,"IR65907-116-1-B",70,94,111,1052.8,26.7477,2.09212
"A03WS-0","1","2",20,"CT6516-24-3-2",73,94,122,907.6,30.6743,2.74884
"A03WS-0","1","2",21,"CT6510-24-1-2",73,105,101,1102,38.9474,4.58578
"A03WS-0","1","2",22,"CT13370-12-2-M",69,94,109,608,19.6711,0.90253
"A03WS-0","1","3",23,"WAB181-18",62,94,119,780.4,26.653,1.7042
"A03WS-0","1","3",24,"UPLRI-5",83,107,107,1800,30.6667,4.10827
"A03WS-0","1","3",25,"UPLRI-7",73,105,105,1203.6,34.8288,4.73228
"A03WS-0","1","3",27,"IR71524-44-1-1",75,100,111,1182.4,39.885,3.82021
"A03WS-0","1","3",29,"IR72768-15-1-1",69,98,102,1258,36.3752,2.95098
"A03WS-0","1","3",30,"CT13377-4-2-M",69,94,103,638.8,33.062,2.19668
"A03WS-0","1","3",31,"WAB56-125",61,94,97,897.6,26.9162,1.24298
"A03WS-0","1","3",32,"IR70360-38-1-B-1",70,105,104,1121.6,31.5621,2.9801
"A03WS-0","1","3",33,"IR55419-04",71,94,118,945.2,39.1875,3.85616
"A03WS-0","1","4",34,"WAB638-1",89,111,116,848.4,19.6605,1.07938
"A03WS-0","1","4",36,"IR66421-062-1-1-2",77,105,105,1294.4,32.1693,2.78655
"A03WS-0","1","4",37,"IR70358-84-1-1",60,87,105,814.4,28.8802,1.86522
"A03WS-0","1","4",38,"IRAT216",76,100,104,829.6,22.8062,1.87209
"A03WS-0","1","4",39,"AZUCENA",82,105,145,1085.2,24.8802,3.03789
"A03WS-0","1","4",40,"IRAT170",82,100,120,1018.8,28.936,2.52984
"A03WS-0","1","4",41,"MARAVILHA",62,84,115,827.2,35.8317,2.00212
"A03WS-0","1","4",42,"IRAT177",76,100,119,1112.8,28.1452,2.5108
"A03WS-0","1","4",43,"IR66424-1-2-1-5",66,94,116,980.8,35.3997,3.40256
"A03WS-0","1","4",44,"IRAT212",56,94,100,808,28.6634,1.99493
"A03WS-0","2","1",45,"AUS196",69,94,133,1172.4,35.0392,3.04492
"A03WS-0","2","1",46,"UPLRI-7",75,106,111,1293.2,38.571,5.57237
"A03WS-0","2","1",47,"VANDANA",62,84,124,780.8,41.1885,3.5555
"A03WS-0","2","1",48,"IR65261-09-1-B",75,99,123,1236.4,30.2491,2.19334
"A03WS-0","2","1",49,"UPLRI-5",82,106,113,974.8,5.5396,5.42412
"A03WS-0","2","1",50,"IR72768-15-1-1",69,99,109,841.6,34.1255,3.07045
"A03WS-0","2","1",51,"IR66424-1-2-1-5",63,94,116,940,29.4468,2.51956
"A03WS-0","2","1",52,"IRAT216",72,99,102,983.6,29.8089,2.30007
"A03WS-0","2","1",53,"CT13370-12-2-M",66,94,116,1067.6,21.2814,1.06299
"A03WS-0","2","1",54,"IR47686-30-3-2",78,105,108,1542.8,28.4936,4.5456
"A03WS-0","2","1",55,"IRAT212",56,94,90,1031.2,27.7347,1.31205
"A03WS-0","2","2",56,"IR68702-072-1-4-B",69,94,125,769.6,30.5094,2.84305
"A03WS-0","2","2",57,"CT13377-4-2-M",67,94,107,800.4,38.081,2.11991
"A03WS-0","2","2",58,"IR60080-46A",73,100,124,1224,31.8627,3.3126
"A03WS-0","2","2",59,"CT6510-24-1-2",69,100,159,1122.8,33.844,3.59461
"A03WS-0","2","2",60,"IR55423-01",75,105,91,1334.4,38.6391,5.02295
"A03WS-0","2","2",61,"C22",82,111,111,1163.6,30.5947,4.11695
"A03WS-0","2","2",62,"IR55419-04",69,94,118,1064,34.7744,3.31358
"A03WS-0","2","2",63,"IRAT177",73,94,121,942,14.6921,1.74507
"A03WS-0","2","2",65,"MARAVILHA",60,84,119,885.6,31.3911,2.30566
"A03WS-0","2","2",66,"WAB638-1",89,111,116,860.8,15.1022,1.16003
"A03WS-0","2","3",67,"IR65907-116-1-B",70,94,114,728,29.2308,1.85499
"A03WS-0","2","3",68,"IR70358-84-1-1",59,87,105,962.8,20.3157,1.44541
"A03WS-0","2","3",69,"PRIMAVERA",62,84,122,734.4,28.8671,1.36179
"A03WS-0","2","3",70,"WAB56-125",60,94,108,662,16.1329,0.62731
"A03WS-0","2","3",71,"IR66421-062-1-1-2",76,105,104,1004,32.3904,2.21741
"A03WS-0","2","3",72,"IR70360-38-1-B-1",70,105,118,1067.6,25.9273,2.95283
"A03WS-0","2","3",73,"PALAWAN",76,100,141,1248.4,26.1134,2.22928
"A03WS-0","2","3",74,"IR71525-19-1-1",70,94,126,1360.8,34.8618,2.33304
"A03WS-0","2","3",77,"CT6516-24-3-2",70,94,123,1126.4,28.3381,2.76564
"A03WS-0","2","4",78,"CT13382-8-3-M",68,94,108,1048.8,31.2738,1.96326
"A03WS-0","2","4",79,"WAB181-18",59,94,112,837.6,20.9647,0.98868
"A03WS-0","2","4",80,"B6144F-MR-6-0-0",73,100,110,1232,35.6818,3.67501
"A03WS-0","2","4",81,"IR71524-44-1-1",73,99,135,1062.4,26.9202,3.06397
"A03WS-0","2","4",82,"IRAT170",77,100,113,1245.6,33.2049,2.12271
"A03WS-0","2","4",83,"IR66417-18-1-1-1",89,111,100,1029.6,13.1702,1.59363
"A03WS-0","2","4",84,"WAYRAREM",76,105,105,986.4,24.3309,4.06459
"A03WS-0","2","4",85,"AZUCENA",79,105,151,696.4,24.1815,2.71594
"A03WS-0","2","4",86,"WAB96-1-1",72,94,136,800.4,28.4358,1.1144
"A03WS-0","2","4",87,"DINORADO",82,105,139,1146,26.2129,2.67781
"A03WS-0","3","1",89,"IR65907-116-1-B",69,94,115,885.2,24.7176,2.3857
"A03WS-0","3","1",90,"IR66421-062-1-1-2",76,105,107,949.2,26.7594,1.07211
"A03WS-0","3","1",91,"IR72768-15-1-1",69,99,117,938.8,28.334,2.25906
"A03WS-0","3","1",92,"IR68702-072-1-4-B",70,94,131,946.8,27.2919,2.18127
"A03WS-0","3","1",93,"IR55419-04",69,94,115,858.4,41.2861,3.333
"A03WS-0","3","1",94,"WAB181-18",60,94,110,769.6,24.948,0.92287
"A03WS-0","3","1",95,"WAB638-1",89,111,125,886.4,17.5542,1.28298
"A03WS-0","3","1",96,"IR66424-1-2-1-5",63,94,114,813.6,33.2842,2.33449
"A03WS-0","3","1",97,"B6144F-MR-6-0-0",62,104,130,1028.8,41.6796,3.85301
"A03WS-0","3","1",98,"PRIMAVERA",62,84,126,927.6,26.2182,1.54795
"A03WS-0","3","1",99,"IR47686-30-3-2",78,105,106,1490,32.1074,4.6089
"A03WS-0","3","2",100,"CT13370-12-2-M",57,94,118,1069.6,21.8399,1.21952
"A03WS-0","3","2",101,"IR60080-46A",73,105,117,1053.2,31.1432,3.22042
"A03WS-0","3","2",102,"WAYRAREM",73,105,124,1211.6,33.4434,3.95436
"A03WS-0","3","2",103,"AUS196",66,94,118,904,29.4248,2.24932
"A03WS-0","3","2",104,"IR55423-01",76,106,110,829.6,35.6316,4.62869
"A03WS-0","3","2",105,"CT13382-8-3-M",69,94,117,883.6,33.273,1.96548
"A03WS-0","3","2",106,"UPLRI-5",82,106,127,1290.8,34.8311,4.16349
"A03WS-0","3","2",107,"IRAT177",72,94,119,1094.8,24.114,1.69053
"A03WS-0","3","2",108,"IR70360-38-1-B-1",69,105,105,1181.2,23.3322,2.27399
"A03WS-0","3","2",109,"IRAT170",79,99,129,1156.4,29.0557,2.61681
"A03WS-0","3","3",111,"C22",82,107,118,1200,30.5667,3.78465
"A03WS-0","3","3",112,"VANDANA",58,84,116,825.2,32.0892,2.7507
"A03WS-0","3","3",113,"AZUCENA",79,105,162,1098,25.7195,2.3811
"A03WS-0","3","3",115,"IR70358-84-1-1",58,87,110,957.6,19.716,0.99514
"A03WS-0","3","3",116,"IRAT216",73,99,107,1022,24.9315,1.97531
"A03WS-0","3","3",117,"UPLRI-7",72,105,97,1131.2,27.157,4.63359
"A03WS-0","3","3",118,"IR71524-44-1-1",73,105,111,764.4,27.1062,2.79413
"A03WS-0","3","3",119,"IR66417-18-1-1-1",89,111,109,1124,17.2242,1.66495
"A03WS-0","3","3",120,"PALAWAN",77,100,126,839.6,27.2034,1.50899
"A03WS-0","3","4",122,"IR71525-19-1-1",62,94,130,1087.6,36.6311,2.9387
"A03WS-0","3","4",123,"CT6516-24-3-2",72,94,116,903.2,25.775,2.76145
"A03WS-0","3","4",124,"DINORADO",82,105,151,794.4,17.573,2.23445
"A03WS-0","3","4",125,"MARAVILHA",63,84,109,728.8,38.3644,1.6402
"A03WS-0","3","4",126,"IRAT212",60,94,93,824.4,29.5488,1.88151
"A03WS-0","3","4",127,"WAB96-1-1",72,94,125,991.2,28.8539,1.37428
"A03WS-0","3","4",129,"WAB56-125",63,94,101,1149.6,33.8553,1.94582
"A03WS-0","3","4",130,"CT6510-24-1-2",72,105,116,1299.2,40.0862,5.63773
"A03WS-0","3","4",131,"IR65261-09-1-B",73,99,125,1101.2,32.7279,3.16403
"A03WS-0","3","4",132,"CT13377-4-2-M",68,94,110,1162.4,34.4804,2.94793
"A03WS-1","1","1",1,"IR66417-18-1-1-1",89,111,98,926,18.9201,1.12667
"A03WS-1","1","1",2,"MARAVILHA",63,84,110,383.2,25.9916,0.57599
"A03WS-1","1","1",3,"C22",82,106,117,1450,27.6414,3.49718
"A03WS-1","1","1",4,"UPLRI-7",73,104,111,699.2,37.1281,4.05061
"A03WS-1","1","1",5,"PALAWAN",77,104,135,709.6,23.4498,2.13294
"A03WS-1","1","1",6,"IR72768-15-1-1",71,99,70,971.2,28.1713,1.84556
"A03WS-1","1","1",7,"WAB96-1-1",73,98,127,896.4,25.3458,1.5318
"A03WS-1","1","1",8,"IR71524-44-1-1",74,98,124,993.6,27.4155,2.24457
"A03WS-1","1","1",9,"WAB638-1",89,111,126,818,11.687,0.64221
"A03WS-1","1","1",11,"UPLRI-5",83,107,114,790.8,31.3606,2.03294
"A03WS-1","1","2",12,"CT13382-8-3-M",70,97,79,854.8,32.1947,1.13203
"A03WS-1","1","2",13,"VANDANA",58,83,124,1293.2,18.7133,2.63007
"A03WS-1","1","2",14,"IR70358-84-1-1",60,87,111,833.6,27.1113,1.88626
"A03WS-1","1","2",15,"IR65261-09-1-B",76,98,135,1040,29.4615,2.05383
"A03WS-1","1","2",16,"IRAT177",73,99,117,723.2,14.823,1.22294
"A03WS-1","1","2",17,"IRAT212",58,97,92,446.8,19.9642,1.34556
"A03WS-1","1","2",18,"CT13370-12-2-M",72,98,127,642.8,15.7436,0.76616
"A03WS-1","1","2",19,"AUS196",66,98,126,821.2,22.2601,2.60891
"A03WS-1","1","2",20,"IR65907-116-1-B",71,98,115,558.8,24.9821,1.87458
"A03WS-1","1","2",21,"CT6516-24-3-2",76,104,100,633.2,28.9324,1.59536
"A03WS-1","1","2",22,"WAYRAREM",78,104,121,907.6,35.39,3.21661
"A03WS-1","1","3",23,"CT13377-4-2-M",71,98,102,785.2,27.6108,1.09342
"A03WS-1","1","3",24,"IR60080-46A",78,104,117,762,27.9265,2.07888
"A03WS-1","1","3",25,"IR71525-19-1-1",75,98,128,886.8,29.1385,2.15734
"A03WS-1","1","3",26,"AZUCENA",81,106,149,519.6,18.7067,1.99612
"A03WS-1","1","3",27,"WAB181-18",62,97,93,391.2,29.4479,0.57396
"A03WS-1","1","3",28,"CT6510-24-1-2",73,98,105,768,37.8125,3.30723
"A03WS-1","1","3",30,"WAB56-125",65,97,108,467.2,24.8288,0.60114
"A03WS-1","1","3",31,"IR68702-072-1-4-B",70,97,134,656.8,32.095,2.39863
"A03WS-1","1","3",32,"DINORADO",82,106,137,772,25.4404,2.02206
"A03WS-1","1","3",33,"IR55419-04",68,98,110,743.2,36.0603,2.82633
"A03WS-1","1","4",34,"IRAT170",79,104,113,875.2,35.6033,1.95435
"A03WS-1","1","4",35,"IR66424-1-2-1-5",63,97,110,663.6,33.695,2.28702
"A03WS-1","1","4",36,"IR55423-01",74,104,109,985.2,38.6114,3.37398
"A03WS-1","1","4",37,"IRAT216",72,98,97,832.8,18.5879,1.17503
"A03WS-1","1","4",38,"B6144F-MR-6-0-0",73,98,110,962.4,37.074,3.42618
"A03WS-1","1","4",40,"PRIMAVERA",62,84,102,574.8,28.0445,1.46095
"A03WS-1","1","4",41,"IR70360-38-1-B-1",71,104,118,752.4,27.8575,3.01019
"A03WS-1","1","4",43,"IR47686-30-3-2",78,104,104,1162.4,36.0977,4.32768
"A03WS-1","1","4",44,"IR66421-062-1-1-2",73,104,87,859.6,25.5933,2.00245
"A03WS-1","2","1",45,"IR55419-04",68,98,116,975.6,36.6544,3.6388
"A03WS-1","2","1",47,"IR60080-46A",72,104,128,1058.4,34.4671,3.38335
"A03WS-1","2","1",48,"IR71524-44-1-1",71,98,128,1097.2,28.4725,2.87309
"A03WS-1","2","1",49,"WAB181-18",61,97,115,796.4,30.8388,2.20066
"A03WS-1","2","1",50,"IR65907-116-1-B",70,98,125,1164,22.5086,1.78794
"A03WS-1","2","1",51,"C22",82,107,119,815.6,27.3664,3.44894
"A03WS-1","2","1",52,"IRAT216",76,98,98,1008,22.9762,1.49442
"A03WS-1","2","1",53,"MARAVILHA",60,84,123,493.6,22.8525,1.35524
"A03WS-1","2","1",54,"WAYRAREM",76,98,131,774.4,35.5888,1.35169
"A03WS-1","2","1",55,"IR70358-84-1-1",60,87,102,696,26.8391,2.05729
"A03WS-1","2","2",56,"WAB56-125",60,97,114,821.2,20.2143,1.10726
"A03WS-1","2","2",57,"CT13370-12-2-M",66,98,108,880,23.5,0.63295
"A03WS-1","2","2",58,"AUS196",66,98,128,896.4,29.1388,2.50917
"A03WS-1","2","2",59,"IR68702-072-1-4-B",68,97,141,1188.4,30.2592,1.86489
"A03WS-1","2","2",61,"IRAT170",81,104,108,555.2,23.487,1.21067
"A03WS-1","2","2",62,"IR66417-18-1-1-1",89,106,111,821.2,12.3234,0.86491
"A03WS-1","2","2",63,"B6144F-MR-6-0-0",75,98,115,1013.2,37.7813,3.34927
"A03WS-1","2","2",64,"IR72768-15-1-1",71,98,122,797.6,28.0843,1.66133
"A03WS-1","2","2",65,"WAB638-1",89,111,124,448.4,14.1838,0.38305
"A03WS-1","2","2",66,"IR66424-1-2-1-5",63,97,114,1058,33.9887,1.58213
"A03WS-1","2","3",68,"IR70360-38-1-B-1",71,98,116,1067.2,28.4108,2.51759
"A03WS-1","2","3",69,"IR65261-09-1-B",75,98,134,892.8,23.2079,1.86616
"A03WS-1","2","3",70,"PRIMAVERA",60,84,114,819.6,29.5266,0.9282
"A03WS-1","2","3",71,"IR71525-19-1-1",71,98,135,933.6,22.108,1.71285
"A03WS-1","2","3",72,"AZUCENA",81,104,144,1128.8,24.6634,2.11934
"A03WS-1","2","3",73,"CT13377-4-2-M",70,98,117,793.2,25.6682,1.61414
"A03WS-1","2","3",74,"UPLRI-5",82,106,125,956.4,30.1966,2.8329
"A03WS-1","2","3",75,"CT6516-24-3-2",73,98,113,860.4,24.9651,1.95196
"A03WS-1","2","3",76,"WAB96-1-1",75,98,132,1269.6,23.9445,0.91211
"A03WS-1","2","3",77,"IRAT212",58,97,94,674.8,24.837,1.19072
"A03WS-1","2","4",78,"IR66421-062-1-1-2",76,104,109,933.6,28.4062,2.49207
"A03WS-1","2","4",79,"PALAWAN",76,104,134,956.4,24.9268,1.87118
"A03WS-1","2","4",80,"CT6510-24-1-2",70,98,114,873.6,31.6392,3.90452
"A03WS-1","2","4",81,"CT13382-8-3-M",67,98,108,527.6,26.3078,1.28346
"A03WS-1","2","4",82,"UPLRI-7",69,104,106,905.2,38.4445,3.90327
"A03WS-1","2","4",83,"IR55423-01",76,104,107,954,34.4654,3.7105
"A03WS-1","2","4",84,"VANDANA",59,83,123,718.8,34.6689,2.76504
"A03WS-1","2","4",86,"DINORADO",82,106,141,878,24.8747,1.1933
"A03WS-1","2","4",87,"IR47686-30-3-2",80,106,113,1038.8,29.4956,2.4588
"A03WS-1","2","4",88,"IRAT177",72,98,125,957.6,23.1412,1.70033
"A03WS-1","3","1",89,"VANDANA",59,83,125,750.8,33.4576,2.94508
"A03WS-1","3","1",90,"IRAT170",79,105,129,702.8,31.8725,2.12846
"A03WS-1","3","1",91,"MARAVILHA",63,84,107,549.6,18.9229,0.59846
"A03WS-1","3","1",92,"WAYRAREM",76,104,127,972.8,39.8026,3.44636
"A03WS-1","3","1",93,"PALAWAN",76,105,135,618.4,27.3609,2.17298
"A03WS-1","3","1",94,"WAB638-1",89,111,122,1008,9.8413,0.98245
"A03WS-1","3","1",95,"IRAT216",72,98,105,1028,31.9844,2.30166
"A03WS-1","3","1",96,"CT13377-4-2-M",65,98,110,750.8,31.9126,2.09503
"A03WS-1","3","1",97,"CT6516-24-3-2",72,98,114,882,22.8571,1.49569
"A03WS-1","3","1",98,"CT6510-24-1-2",72,99,111,1278,34.4288,4.0104
"A03WS-1","3","2",100,"IR66424-1-2-1-5",64,97,121,1180.4,26.3639,2.45948
"A03WS-1","3","2",101,"UPLRI-5",82,107,115,1046.4,34.0596,3.05094
"A03WS-1","3","2",102,"AUS196",68,98,120,843.6,33.0963,2.62258
"A03WS-1","3","2",103,"IR71524-44-1-1",74,99,124,1121.6,31.9544,2.20248
"A03WS-1","3","2",104,"WAB181-18",63,97,104,501.2,23.0646,0.99402
"A03WS-1","3","2",105,"UPLRI-7",72,104,110,1133.2,35.2983,3.96167
"A03WS-1","3","2",106,"IR71525-19-1-1",72,98,119,806.8,40.704,2.41542
"A03WS-1","3","2",107,"IR70360-38-1-B-1",70,104,125,568,23.0282,2.41367
"A03WS-1","3","2",108,"IR55423-01",72,104,119,1108.8,35.2453,4.00854
"A03WS-1","3","2",109,"IR68702-072-1-4-B",71,97,137,684.4,31.4436,1.87912
"A03WS-1","3","2",110,"IR65907-116-1-B",72,99,111,919.6,25.3154,1.21292
"A03WS-1","3","3",111,"IR66421-062-1-1-2",76,104,107,981.2,33.0208,2.15474
"A03WS-1","3","3",112,"C22",82,111,109,1092.4,30.465,4.17729
"A03WS-1","3","3",114,"IR55419-04",68,98,123,816.8,39.8139,3.36685
"A03WS-1","3","3",116,"IR65261-09-1-B",75,98,128,920.8,23.6316,2.13924
"A03WS-1","3","3",117,"WAB56-125",63,97,107,632.8,28.3186,0.99661
"A03WS-1","3","3",118,"IR66417-18-1-1-1",89,111,121,1372.8,17.803,1.84885
"A03WS-1","3","3",119,"CT13370-12-2-M",70,98,108,786.8,16.1159,1.07713
"A03WS-1","3","3",120,"AZUCENA",78,104,151,709.2,29.1596,2.57997
"A03WS-1","3","3",121,"CT13382-8-3-M",66,98,107,972,30.7819,1.9293
"A03WS-1","3","4",122,"IRAT212",58,97,91,772.4,27.8612,1.70257
"A03WS-1","3","4",123,"DINORADO",81,106,149,1210.8,30.1949,2.28638
"A03WS-1","3","4",124,"PRIMAVERA",59,84,111,628.4,31.5722,1.61918
"A03WS-1","3","4",126,"IR47686-30-3-2",78,104,108,1079.2,34.2847,4.55849
"A03WS-1","3","4",127,"WAB96-1-1",72,98,128,1067.2,25.937,1.98599
"A03WS-1","3","4",128,"IR70358-84-1-1",58,87,109,1032,20.3101,1.77642
"A03WS-1","3","4",129,"IR72768-15-1-1",66,99,113,1169.6,30.5746,2.89798
"A03WS-1","3","4",130,"IRAT177",71,98,130,1005.2,20.971,2.60542
"A03WS-1","3","4",131,"B6144F-MR-6-0-0",72,104,131,841.6,36.0741,4.71526
"A03WS-1","3","4",132,"IR60080-46A",72,104,128,1217.6,29.1393,3.73493
